,title,link
0,KT 회장 선출방식 반기 든 임직원들 “황창규 근시안적 경영이 아현 화재 불러”,https://news.naver.com/main/read.nhn?mode=LPOD&mid=sec&oid=469&aid=0000402150
1,문 대통령 “한국기업 피해 땐 대응” 일본에 경고장… 협의 여지는 남겨,https://news.naver.com/main/read.nhn?mode=LPOD&mid=sec&oid=469&aid=0000403561
2,‘검찰총장 청문회’서 목청 높인 경찰,https://news.naver.com/main/read.nhn?mode=LPOD&mid=sec&oid=469&aid=0000403675
3,"트럼프, 대미 투자 ‘큰손’ 떠오른 유통기업 총수들 대거 초청",https://news.naver.com/main/read.nhn?mode=LPOD&mid=sec&oid=469&aid=0000401312
4,"화해ㆍ치유재단 해산, 일본 경제보복 확대 방아쇠 되나",https://news.naver.com/main/read.nhn?mode=LPOD&mid=sec&oid=469&aid=0000403029
5,[한국일보 1면 사진] 日경제보복 규탄 시위(7월 5일자),https://news.naver.com/main/read.nhn?mode=LPOD&mid=sec&oid=469&aid=0000402831
6,세계교역 위축… 수출 7개월째 곤두박질,https://news.naver.com/main/read.nhn?mode=LPOD&mid=sec&oid=469&aid=0000401507
7,"북한 “최덕신ㆍ류미영 아들 최인국씨, 영주 위해 평양 도착”",https://news.naver.com/main/read.nhn?mode=LPOD&mid=sec&oid=469&aid=0000403266
8,"일본 간 이재용, 부친 인맥 활용해 재계 인사들과 접촉",https://news.naver.com/main/read.nhn?mode=LPOD&mid=sec&oid=469&aid=0000403657
9,"트럼프, 재선 레이스에 ‘판문점 효과’… 한반도 정세 주도권 되찾아",https://news.naver.com/main/read.nhn?mode=LPOD&mid=sec&oid=469&aid=0000401370
10,노후 열수송관 절반 '깜깜이' 방치... 뜨거운 물 언제 터질지 모른다,https://news.naver.com/main/read.nhn?mode=LPOD&mid=sec&oid=469&aid=0000402043
11,“북한 비핵화 기회” “트럼프 치적 쌓기 쇼”… 미국 대선 이슈로 급부상,https://news.naver.com/main/read.nhn?mode=LPOD&mid=sec&oid=469&aid=0000401677
12,"일본, 반도체 등 ‘3대 소재’ 통관 중단… 한국업체 피해 현실화",https://news.naver.com/main/read.nhn?mode=LPOD&mid=sec&oid=469&aid=0000403020
13,美는 ‘K스릴러’ 日은 ‘82년생 김지영’… 국가별 K문학 소비 천차만별,https://news.naver.com/main/read.nhn?mode=LPOD&mid=sec&oid=469&aid=0000403066
14,일본 경제보복 성토했지만… 뾰족한 대안 못 내놓은 강경화,https://news.naver.com/main/read.nhn?mode=LPOD&mid=sec&oid=469&aid=0000402416
15,"면접서 ""아버지 뭐하시냐"" 물으면 과태료 최대 500만원",https://news.naver.com/main/read.nhn?mode=LPOD&mid=sec&oid=469&aid=0000401927
16,"윤석열 “수사권 조정ㆍ공수처, 국회 결정 존중”",https://news.naver.com/main/read.nhn?mode=LPOD&mid=sec&oid=469&aid=0000403036
17,[한국일보 1면 사진] 성난 홍콩 시민들 (7월 2일자),https://news.naver.com/main/read.nhn?mode=LPOD&mid=sec&oid=469&aid=0000401786
18,기업이 먼저 움직였다… 일본으로 달려간 총수들,https://news.naver.com/main/read.nhn?mode=LPOD&mid=sec&oid=469&aid=0000403392
19,정부는 일자리 늘었다지만… 주 36시간 환산 땐  20만명↓,https://news.naver.com/main/read.nhn?mode=LPOD&mid=sec&oid=469&aid=0000402719
20,돌발 트윗 후 32시간 만에 북미 정상 '깜짝 만남',https://news.naver.com/main/read.nhn?mode=LPOD&mid=sec&oid=469&aid=0000401404
21,전략물자 수출입 관세청 등 다중감시… 정부 “日 주장 ‘불화수소 北유출’ 불가능”,https://news.naver.com/main/read.nhn?mode=LPOD&mid=sec&oid=469&aid=0000403746
22,"박순자, 국토위원장 버티기… 홍문표 “당 욕보이는 행위”",https://news.naver.com/main/read.nhn?mode=LPOD&mid=sec&oid=469&aid=0000403674
23,북한 목선에 뚫린 NLL 일대 중ㆍ대형함 추가 배치,https://news.naver.com/main/read.nhn?mode=LPOD&mid=sec&oid=469&aid=0000403316
24,"한국당, 북한 목선 최초신고자 불러 “못 믿을 정부” 국조 압박",https://news.naver.com/main/read.nhn?mode=LPOD&mid=sec&oid=469&aid=0000402071
25,"G20서 “공정무역” 자화자찬 아베, 한국엔 무역 제재",https://news.naver.com/main/read.nhn?mode=LPOD&mid=sec&oid=469&aid=0000401638
26,“지금이라도… 정부 주도로 핵심산업 원천기술 확보 나서야”,https://news.naver.com/main/read.nhn?mode=LPOD&mid=sec&oid=469&aid=0000402050
27,“워싱턴 초대” “평양 초대”… 차기 북미회담 장소는?,https://news.naver.com/main/read.nhn?mode=LPOD&mid=sec&oid=469&aid=0000401646
28,‘57시간 농락’당한 해군ㆍ해경ㆍ육군 3중 경계망,https://news.naver.com/main/read.nhn?mode=LPOD&mid=sec&oid=469&aid=0000402385
29,내주 초까지 불볕 더위... 10ㆍ11일 남부지방부터 비,https://news.naver.com/main/read.nhn?mode=LPOD&mid=sec&oid=469&aid=0000403006
30,박순자 한국당 의원 ‘알짜’ 국토위원장 못 내준다?,https://news.naver.com/main/read.nhn?mode=LPOD&mid=sec&oid=469&aid=0000403384
31,온열질환 6가지 분류… ‘최악’ 열사병 땐 체온조절 기능 중단,https://news.naver.com/main/read.nhn?mode=LPOD&mid=sec&oid=469&aid=0000403714
32,"김정은, 판문점서 문 대통령 손잡고 ""고맙다"" 인사했다",https://news.naver.com/main/read.nhn?mode=LPOD&mid=sec&oid=469&aid=0000402381
33,"이인영, 나경원에 “신사협정 맺자”",https://news.naver.com/main/read.nhn?mode=LPOD&mid=sec&oid=469&aid=0000402238
34,"‘DMZ 회동 띄우기’ 공들인 문재인-트럼프, 한미 현안은 패스",https://news.naver.com/main/read.nhn?mode=LPOD&mid=sec&oid=469&aid=0000401367
35,결혼 이주여성 폭행사건 왜 끊이지 않나,https://news.naver.com/main/read.nhn?mode=LPOD&mid=sec&oid=469&aid=0000403649
36,“상담사의 그루밍 성범죄 배상 판결  다른 사건 승소에 디딤돌 되어야죠”,https://news.naver.com/main/read.nhn?mode=LPOD&mid=sec&oid=469&aid=0000402139
37,"톨게이트노조, 한때 경부고속도로 점거…자회사 전환협의는 무효 주장",https://news.naver.com/main/read.nhn?mode=LPOD&mid=sec&oid=469&aid=0000402753
38,5일 서울ㆍ경기ㆍ강원에 올해 첫 폭염경보,https://news.naver.com/main/read.nhn?mode=LPOD&mid=sec&oid=469&aid=0000402765
39,‘영변 폐기만으로 남북경협 재개’ 트럼프는 거부했다,https://news.naver.com/main/read.nhn?mode=LPOD&mid=sec&oid=469&aid=0000403295
40,총선 앞 당정청 ‘자리 바꾸기’… 홍남기ㆍ강경화ㆍ최종구 차출설,https://news.naver.com/main/read.nhn?mode=LPOD&mid=sec&oid=469&aid=0000403331
41,대법 “게임규칙도 저작권 보호대상” 첫 판결 … 게임업계 ‘환영’,https://news.naver.com/main/read.nhn?mode=LPOD&mid=sec&oid=469&aid=0000401658
42,"미 상원, 군사용 ‘중국산 드론’ 수입 금지 법안 통과",https://news.naver.com/main/read.nhn?mode=LPOD&mid=sec&oid=469&aid=0000403308
43,문 대통령 ‘북미관계 큰 바퀴’ 돌리려 철저히 조연 자처,https://news.naver.com/main/read.nhn?mode=LPOD&mid=sec&oid=469&aid=0000401378
44,"소인수회담→확대회담 분주했던 98분… 트럼프 “김정숙 여사, 특별한 분” 거듭 칭찬",https://news.naver.com/main/read.nhn?mode=LPOD&mid=sec&oid=469&aid=0000401386
45,"문 대통령, 10일쯤 30대그룹 총수 만나 ‘일본 수출규제’ 대책 논의한다",https://news.naver.com/main/read.nhn?mode=LPOD&mid=sec&oid=469&aid=0000403026
46,[단독] ‘포스트 황창규’ 선출방식 놓고 내홍 휩싸인 KT,https://news.naver.com/main/read.nhn?mode=LPOD&mid=sec&oid=469&aid=0000402146
47,“민주화 열망” 거든 트럼프 vs “폭도 처벌” 벼르는 중국… 시계제로 홍콩,https://news.naver.com/main/read.nhn?mode=LPOD&mid=sec&oid=469&aid=0000402049
48,북한은 “회담” 미국은 “미팅” 한국은 “만남”… 판문점 회동 미묘한 해석 차,https://news.naver.com/main/read.nhn?mode=LPOD&mid=sec&oid=469&aid=0000401743
49,일본산 제품 불매운동에... 토종기업들 '반사이익',https://news.naver.com/main/read.nhn?mode=LPOD&mid=sec&oid=469&aid=0000402881
50,최종구 “日 금융보복 영향 미미” 전망에도… 국내 풀린 일본은행 자금 18조원,https://news.naver.com/main/read.nhn?mode=LPOD&mid=sec&oid=469&aid=0000403398
51,“문 정권은 신독재” 나경원 또 날선 발언,https://news.naver.com/main/read.nhn?mode=LPOD&mid=sec&oid=469&aid=0000402734
52,"김재원, 진통 끝 예결위원장 선출… 추경안 이르면 12일부터 심의",https://news.naver.com/main/read.nhn?mode=LPOD&mid=sec&oid=469&aid=0000403053
53,일본 “한국 변화 없으면 추가 규제” 공작기계ㆍ탄소섬유 거론,https://news.naver.com/main/read.nhn?mode=LPOD&mid=sec&oid=469&aid=0000403625
54,"민주당, 일본 경제보복대책특위 출범… 여권 “신중해야”",https://news.naver.com/main/read.nhn?mode=LPOD&mid=sec&oid=469&aid=0000403626
55,문 대통령 “사회적경제가 시장경제 약점과 공백 메워줘”,https://news.naver.com/main/read.nhn?mode=LPOD&mid=sec&oid=469&aid=0000402977
56,“김정은 숨을 쌕쌕거리며 걸어… 폐기종 환자 같았다”,https://news.naver.com/main/read.nhn?mode=LPOD&mid=sec&oid=469&aid=0000401624
57,강남 아파트 청약은 ‘현금 부자들만의 잔치’,https://news.naver.com/main/read.nhn?mode=LPOD&mid=sec&oid=469&aid=0000402821
58,통상교섭본부장 내주 미국 급파… ‘한일 갈등’ 중재 요청 통할까,https://news.naver.com/main/read.nhn?mode=LPOD&mid=sec&oid=469&aid=0000403734
59,트럼프 “2~3주 내 실무팀 협상 착수”… 이르면 9월 북미 정상회담 이뤄질 수도,https://news.naver.com/main/read.nhn?mode=LPOD&mid=sec&oid=469&aid=0000401405
60,54년간 ‘산업기술 의존’ 후유증… 일본 기침에 한국은 독감,https://news.naver.com/main/read.nhn?mode=LPOD&mid=sec&oid=469&aid=0000402148
61,학교 급식 8일부터 정상화한다지만…,https://news.naver.com/main/read.nhn?mode=LPOD&mid=sec&oid=469&aid=0000403010
62,"이도훈ㆍ비건, 11일 독일서 북미 실무협상 전략 ‘최종 점검’",https://news.naver.com/main/read.nhn?mode=LPOD&mid=sec&oid=469&aid=0000403327
63,"아베, 한일 갈등에 ‘대북 제재’ 끌어들여 경제보복 정당화 꼼수",https://news.naver.com/main/read.nhn?mode=LPOD&mid=sec&oid=469&aid=0000403334
64,"미 국무부 ""한미동맹은 인도ㆍ태평양 지역 안보의 린치핀”",https://news.naver.com/main/read.nhn?mode=LPOD&mid=sec&oid=469&aid=0000402322
65,경제 보복에 반감? 아베 지지율 되레 2%P 떨어졌다,https://news.naver.com/main/read.nhn?mode=LPOD&mid=sec&oid=469&aid=0000403307
66,정부 “맞보복 조치 준비 완료… 日의 보복 확대에 맞춰 동일한 수준 대응”,https://news.naver.com/main/read.nhn?mode=LPOD&mid=sec&oid=469&aid=0000403380
67,"트럼프, 차차기는 이방카? 외교무대 전면 내세워 ‘장녀 띄우기’",https://news.naver.com/main/read.nhn?mode=LPOD&mid=sec&oid=469&aid=0000401736
68,"“판문점에 볼턴 빼고 하필 그를…” 볼턴, 트럼프 공개 질책 견딜까",https://news.naver.com/main/read.nhn?mode=LPOD&mid=sec&oid=469&aid=0000402686
69,G2 휴전도 판문점도 덮은 ‘日 극약처방’… 한국 주가만 내렸다,https://news.naver.com/main/read.nhn?mode=LPOD&mid=sec&oid=469&aid=0000401731
70,[김연수 기고] 포기하지 않는 한 반드시 평화는 온다,https://news.naver.com/main/read.nhn?mode=LPOD&mid=sec&oid=469&aid=0000401801
71,"일본 “한국에 수출규제 품목, 북한 화학무기 사용될 수도” 추가보복 정당화",https://news.naver.com/main/read.nhn?mode=LPOD&mid=sec&oid=469&aid=0000403032
72,일본 다음 타깃은 한국 농산물 수입제한? “파프리카ㆍ토마토 등 타격 불가피”,https://news.naver.com/main/read.nhn?mode=LPOD&mid=sec&oid=469&aid=0000403579
73,정의ㆍ평화당 ‘심상정 퇴출’ 격앙… 한국ㆍ바른미래당 ‘北 목선 국정조사’ 공조… 수세 몰린 여당,https://news.naver.com/main/read.nhn?mode=LPOD&mid=sec&oid=469&aid=0000401746
74,일본 경제보복 ‘반도체 소재’는 시작일 뿐… 통상전쟁 불붙다,https://news.naver.com/main/read.nhn?mode=LPOD&mid=sec&oid=469&aid=0000401727
75,한국 억류된 대북 제재 위반 선박 2척 풀어준다,https://news.naver.com/main/read.nhn?mode=LPOD&mid=sec&oid=469&aid=0000401936
76,"[기자의 눈] 기습공격, 일본은 부끄럽지 않나",https://news.naver.com/main/read.nhn?mode=LPOD&mid=sec&oid=469&aid=0000402488
77,"김여정ㆍ최선희, 김일성 25주기 추모대회서 주석단 앞줄에",https://news.naver.com/main/read.nhn?mode=LPOD&mid=sec&oid=469&aid=0000403608
78,“연봉 3배” 인력 빼가는 중국... 국내 배터리업계 기술 유출 우려,https://news.naver.com/main/read.nhn?mode=LPOD&mid=sec&oid=469&aid=0000402712
79,‘심상정 해고’ 갈등에 민주당-정의당 총선연대 흔들,https://news.naver.com/main/read.nhn?mode=LPOD&mid=sec&oid=469&aid=0000403008
80,[한국일보 1면 사진] 윤석열 검찰총장 후보자 인사청문회(7월 9일자),https://news.naver.com/main/read.nhn?mode=LPOD&mid=sec&oid=469&aid=0000403727
81,739명 앗아간 사상 최악의 시카고 폭염… 죽음은 평등하지 않았다,https://news.naver.com/main/read.nhn?mode=LPOD&mid=sec&oid=469&aid=0000403716
82,“결혼은? 나이 많은데 뭐했나” 질문도 성평등 위반,https://news.naver.com/main/read.nhn?mode=LPOD&mid=sec&oid=469&aid=0000401923
83,이명희ㆍ조현아 가사도우미 불법고용...1심 “벌금형 약해” 징역형 집유 선고,https://news.naver.com/main/read.nhn?mode=LPOD&mid=sec&oid=469&aid=0000401971
84,"총장님들, 학교 돈으로 호텔숙박권·골프회원권·골드바는 왜 사셨나요?",https://news.naver.com/main/read.nhn?mode=LPOD&mid=sec&oid=469&aid=0000402343
85,"“한미, 굳건한 경제관계”…트럼프, 한국車 징벌적 관세 면제 시사",https://news.naver.com/main/read.nhn?mode=LPOD&mid=sec&oid=469&aid=0000401442
86,"청문회 나온 윤석열 “검찰 조직ㆍ제도ㆍ체질 과감히 바꾸겠다""",https://news.naver.com/main/read.nhn?mode=LPOD&mid=sec&oid=469&aid=0000403647
87,수상 태양광 사업 90% 축소… 현실에 막힌 신재생에너지,https://news.naver.com/main/read.nhn?mode=LPOD&mid=sec&oid=469&aid=0000401788
88,민주당은 “안하무인ㆍ목불인견” 한국당은 “후안무치ㆍ내로남불” 단골 사용,https://news.naver.com/main/read.nhn?mode=LPOD&mid=sec&oid=469&aid=0000403400
89,"‘대변인 말’ 분석해보니… 민주당 ‘박근혜’ 1392회, 한국당 ‘문재인’ 3945회 언급",https://news.naver.com/main/read.nhn?mode=LPOD&mid=sec&oid=469&aid=0000403407
90,트럼프 “美에 투자해 준 한국 재계 총수들에 감사” 특급 칭찬,https://news.naver.com/main/read.nhn?mode=LPOD&mid=sec&oid=469&aid=0000401381
91,"안동 병산서원과 경주 옥산서원, 세계유산 2관왕 ‘잔칫집’ 분위기",https://news.naver.com/main/read.nhn?mode=LPOD&mid=sec&oid=469&aid=0000403314
92,문무일과 다른 길 가는 윤석열 “검찰개혁안 저항할 생각 없어”,https://news.naver.com/main/read.nhn?mode=LPOD&mid=sec&oid=469&aid=0000403648
93,"아베, 추가 보복 조치도 만지작… 다음 분기점은 18일",https://news.naver.com/main/read.nhn?mode=LPOD&mid=sec&oid=469&aid=0000402411
94,“저 영상이 ‘오빠’의 본 모습”  “베트남에 사는 한국인으로서 참 부끄러운 일”,https://news.naver.com/main/read.nhn?mode=LPOD&mid=sec&oid=469&aid=0000403641
95,"문 대통령 “북미, 사실상 적대관계 종식 선언”",https://news.naver.com/main/read.nhn?mode=LPOD&mid=sec&oid=469&aid=0000401921
96,"북미, 정상끼린 웃어도 실무급선 ‘대북제재 실랑이’",https://news.naver.com/main/read.nhn?mode=LPOD&mid=sec&oid=469&aid=0000402743
97,정부 “일본에 단호한 대응” 밝혔지만… 카드는 마땅치 않아,https://news.naver.com/main/read.nhn?mode=LPOD&mid=sec&oid=469&aid=0000402834
98,삼성전자 최악 실적 면했지만... 일본 수출규제 등 곳곳 지뢰밭,https://news.naver.com/main/read.nhn?mode=LPOD&mid=sec&oid=469&aid=0000403030
99,"“한일 갈등 방관하는 미국, 자국 기업 피해 땐 개입”",https://news.naver.com/main/read.nhn?mode=LPOD&mid=sec&oid=469&aid=0000403329
100,헝가리 다뉴브강서 시신 1구 발견 “신원 확인 중”,https://news.naver.com/main/read.nhn?mode=LPOD&mid=sec&oid=469&aid=0000403051
101,"영국, 시리아행 이란 유조선 나포… 이란 “해적질” 극렬 반발",https://news.naver.com/main/read.nhn?mode=LPOD&mid=sec&oid=469&aid=0000402992
102,"문 정부, 대기업 감세 카드는 처음… 경기 부양에 ‘올인’ 시그널",https://news.naver.com/main/read.nhn?mode=LPOD&mid=sec&oid=469&aid=0000402496
103,"‘미국통’ 김명길, 비건 파트너로… ‘김일성종합대’ 권정근도 활약할 듯",https://news.naver.com/main/read.nhn?mode=LPOD&mid=sec&oid=469&aid=0000402720
104,트럼프 ‘김정은과 48분 밀담 내용’ 文대통령에 귓속말 브리핑,https://news.naver.com/main/read.nhn?mode=LPOD&mid=sec&oid=469&aid=0000401744
105,서울청장 이용표ㆍ부산청장 김창룡…경찰 고위직 인사 단행,https://news.naver.com/main/read.nhn?mode=LPOD&mid=sec&oid=469&aid=0000401587
106,윤석열 청문회 위증 논란… “윤우진에 변호사 소개해줬다” 녹음파일 공개,https://news.naver.com/main/read.nhn?mode=LPOD&mid=sec&oid=469&aid=0000403713
107,폼페이오-리용호 방콕회담 가능성,https://news.naver.com/main/read.nhn?mode=LPOD&mid=sec&oid=469&aid=0000402379
108,"분단 상징인 DMZㆍ자유의집, 66년 만에 평화의 무대로",https://news.naver.com/main/read.nhn?mode=LPOD&mid=sec&oid=469&aid=0000401409
109,"예결위원장 자리 놓고… 한국당, 3선 황영철ㆍ김재원 ‘혈투’",https://news.naver.com/main/read.nhn?mode=LPOD&mid=sec&oid=469&aid=0000402476
110,“도공이 직접 고용하라” 요금수납원 1400여명 자회사 전환 거부,https://news.naver.com/main/read.nhn?mode=LPOD&mid=sec&oid=469&aid=0000402713
111,[문학 한류] 완벽한 번역은 없다지만 수준 이하도… “번역 풀 넓혀야”,https://news.naver.com/main/read.nhn?mode=LPOD&mid=sec&oid=469&aid=0000403069
112,"절묘한 타이밍… 경제 보복 단행한 날, 일본 참의원 선거전 스타트",https://news.naver.com/main/read.nhn?mode=LPOD&mid=sec&oid=469&aid=0000402744
113,유네스코 세계유산 된 ‘한국의 서원’ 9곳 …“기능ㆍ건축양식 중국과 차이”,https://news.naver.com/main/read.nhn?mode=LPOD&mid=sec&oid=469&aid=0000403348
114,"양정철 민주연구원장, 미중 싱크탱크와도 네트워크 구축",https://news.naver.com/main/read.nhn?mode=LPOD&mid=sec&oid=469&aid=0000402707
115,미중 무역전쟁에 한국이 웃었던 업종은?,https://news.naver.com/main/read.nhn?mode=LPOD&mid=sec&oid=469&aid=0000402767
116,[한국일보 1면 사진] 기업이 먼저 움직였다…日 달려간 총수들(7월 8일자),https://news.naver.com/main/read.nhn?mode=LPOD&mid=sec&oid=469&aid=0000403388
117,"[단독] 北통전부, 대미 협상서 배제 안된듯… 장금철ㆍ리현 추정 인물 판문점 수행",https://news.naver.com/main/read.nhn?mode=LPOD&mid=sec&oid=469&aid=0000401656
118,이인영 얼굴에서 웃음 사라진 까닭은?,https://news.naver.com/main/read.nhn?mode=LPOD&mid=sec&oid=469&aid=0000402091
119,아픈 곳 없었는데… 예천의 30대 취준생은 왜 폭염으로 숨졌나,https://news.naver.com/main/read.nhn?mode=LPOD&mid=sec&oid=469&aid=0000403723
120,중고생 유학 자녀에 연 3만9000달러 송금… 대학생보다 1.7배 많아,https://news.naver.com/main/read.nhn?mode=LPOD&mid=sec&oid=469&aid=0000402979
121,급식 대란 도돌이표... “학교 비정규직 처우 개선 로드맵을”,https://news.naver.com/main/read.nhn?mode=LPOD&mid=sec&oid=469&aid=0000402816
122,‘일본의 타깃’이라지만… 삼성전자 여파 당장은 제한적일 듯,https://news.naver.com/main/read.nhn?mode=LPOD&mid=sec&oid=469&aid=0000403068
123,"최악 한일 갈등에도… 트럼프, 동맹관리 의무 방기",https://news.naver.com/main/read.nhn?mode=LPOD&mid=sec&oid=469&aid=0000403016
124,"문 대통령 만난 손정의 “한국은 첫째도, 둘째도, 셋째도 AI”",https://news.naver.com/main/read.nhn?mode=LPOD&mid=sec&oid=469&aid=0000402766
125,반도체 소재 기술력 키웠다면 일본에 이렇게 당했겠나,https://news.naver.com/main/read.nhn?mode=LPOD&mid=sec&oid=469&aid=0000401745
126,입법회도 뚫렸다... 시위대 분노로 가득찬 홍콩 반환 22주년,https://news.naver.com/main/read.nhn?mode=LPOD&mid=sec&oid=469&aid=0000401714
127,민주당 “권리당원 확보하라” 7월 전쟁… 공천경쟁 본격화,https://news.naver.com/main/read.nhn?mode=LPOD&mid=sec&oid=469&aid=0000401698
128,"트럼프 환영 만찬, 이방카 가족 배려해 유대교식 메뉴에 ‘엑소’ 초청",https://news.naver.com/main/read.nhn?mode=LPOD&mid=sec&oid=469&aid=0000401371
129,"청와대 홍보기획비서관에 정구철, 디지털소통센터장에 강정수 선임",https://news.naver.com/main/read.nhn?mode=LPOD&mid=sec&oid=469&aid=0000402582
130,"트럼프-김정은, 이례적 ‘48분간 밀담’… 미 통역 1명만 배석",https://news.naver.com/main/read.nhn?mode=LPOD&mid=sec&oid=469&aid=0000401406
131,“제주지검 영장 회수 사건은 검찰내 소통 부족 탓 해프닝”,https://news.naver.com/main/read.nhn?mode=LPOD&mid=sec&oid=469&aid=0000402064
132,"홍콩 재계 폭력시위 비판 가세, 캐리 람은 여세 몰아 적진 갈라치기",https://news.naver.com/main/read.nhn?mode=LPOD&mid=sec&oid=469&aid=0000402996
133,“차별 해소ㆍ정규직 전환 기대 못 미쳐” 공공부문 비정규직 첫 연대파업,https://news.naver.com/main/read.nhn?mode=LPOD&mid=sec&oid=469&aid=0000402414
134,"노동계, 내년 최저임금 1만원 제시… 올해보다 19.8% 인상",https://news.naver.com/main/read.nhn?mode=LPOD&mid=sec&oid=469&aid=0000402068
135,"[단독] ‘해외도피→무혐의’ 윤대진 형은 윤석열 덕 봤나, 동생 탓 당했나",https://news.naver.com/main/read.nhn?mode=LPOD&mid=sec&oid=469&aid=0000403387
136,일본 언론 “일본發 제품 공급 쇼크 우려” 이례적 반대,https://news.naver.com/main/read.nhn?mode=LPOD&mid=sec&oid=469&aid=0000402067
137,변방서 주류로 도도히 흘러가는 '문학 한류',https://news.naver.com/main/read.nhn?mode=LPOD&mid=sec&oid=469&aid=0000403063
138,"윤석열 ""4년 전 양정철 처음 만나 출마 제의 거절… 2월에도 만났다""",https://news.naver.com/main/read.nhn?mode=LPOD&mid=sec&oid=469&aid=0000403739
139,"[단독] 윤석열, 검찰총장 인사 앞둔 4월에 양정철 만났다",https://news.naver.com/main/read.nhn?mode=LPOD&mid=sec&oid=469&aid=0000403372
140,막 오른 ‘비핵화 진검승부’… 북미 다시 디테일 전쟁,https://news.naver.com/main/read.nhn?mode=LPOD&mid=sec&oid=469&aid=0000401697
141,[한국일보 1면 사진] 美현직 대통령 사상 첫 ‘방북’(7월 1일자),https://news.naver.com/main/read.nhn?mode=LPOD&mid=sec&oid=469&aid=0000401422
142,윤석열 청문회 앞둔 여야 신경전… ‘증인 황교안’은 무산,https://news.naver.com/main/read.nhn?mode=LPOD&mid=sec&oid=469&aid=0000401726
143,판문점 회동 내용보단 ‘만남 의미’ 부각 나선 북한,https://news.naver.com/main/read.nhn?mode=LPOD&mid=sec&oid=469&aid=0000401692
144,감세ㆍSOC카드 다 꺼냈지만… 낮춘 성장률 달성도 ‘캄캄’,https://news.naver.com/main/read.nhn?mode=LPOD&mid=sec&oid=469&aid=0000402495
145,서울 아파트값 8개월 만에 올랐다… 전세도 동반 상승,https://news.naver.com/main/read.nhn?mode=LPOD&mid=sec&oid=469&aid=0000402729
146,[한국일보 1면 사진] 태양 작열하는 그림처럼… 폭염 시작(7월 3일자),https://news.naver.com/main/read.nhn?mode=LPOD&mid=sec&oid=469&aid=0000402164
147,북한 유입? 전문가들 “굳이 비싼 에칭가스로 우라늄 농축하겠나” 반박,https://news.naver.com/main/read.nhn?mode=LPOD&mid=sec&oid=469&aid=0000403715
148,日 경제보복 첫날... “국제법 위반” “상응조치” 靑ㆍ경제부처 동시 포문,https://news.naver.com/main/read.nhn?mode=LPOD&mid=sec&oid=469&aid=0000402773
149,"한진 이명희, 정석기업 고문으로 복귀",https://news.naver.com/main/read.nhn?mode=LPOD&mid=sec&oid=469&aid=0000402998
150,학교 비정규직 3일부터 총파업… 급식·돌봄교실 대란 우려,https://news.naver.com/main/read.nhn?mode=LPOD&mid=sec&oid=469&aid=0000402081
151,"[단독] 이스라엘 대통령 14일 방한, FTA 조기타결 등 논의",https://news.naver.com/main/read.nhn?mode=LPOD&mid=sec&oid=469&aid=0000402836
152,"비건 “北 WMD 완전한 동결 원해… 제재는 유지, 평양에 연락사무소”",https://news.naver.com/main/read.nhn?mode=LPOD&mid=sec&oid=469&aid=0000402393
153,"‘삼척항 인근’ 발표 지시자, 靑 안보실 개입 규명없이 ‘셀프 면죄부’",https://news.naver.com/main/read.nhn?mode=LPOD&mid=sec&oid=469&aid=0000402473
154,"“재계와 경제 불확실성 논의”… 靑, 日보복 대응 최전방 진두지휘",https://news.naver.com/main/read.nhn?mode=LPOD&mid=sec&oid=469&aid=0000403346
155,서울 집값 들썩이자… “민간택지 아파트에도 분양가 상한제 도입”,https://news.naver.com/main/read.nhn?mode=LPOD&mid=sec&oid=469&aid=0000403728
156,깔끔했던 인민복 의문엔 “입항 직전 옷 갈아입어”,https://news.naver.com/main/read.nhn?mode=LPOD&mid=sec&oid=469&aid=0000402389
157,"미중, 관세폭탄→휴전→협상결렬→추가 관세… 앞길도 험난",https://news.naver.com/main/read.nhn?mode=LPOD&mid=sec&oid=469&aid=0000402760
158,‘일본산 반도체 소재’ 재고 두달치밖에 없지만… 수출 규제 장기화땐 日기업도 다친다,https://news.naver.com/main/read.nhn?mode=LPOD&mid=sec&oid=469&aid=0000401681
159,“우리도 일본 제품 불매하자” 일본 경제보복에 반일감정 폭발,https://news.naver.com/main/read.nhn?mode=LPOD&mid=sec&oid=469&aid=0000402045
160,김정은 백악관 초청 성사 땐 북한 개방 앞당길 또 하나의 이벤트,https://news.naver.com/main/read.nhn?mode=LPOD&mid=sec&oid=469&aid=0000401395
161,[한국일보 1면 사진] 학교 비정규직 총파업에 ‘급식 대란’ (7월4일자),https://news.naver.com/main/read.nhn?mode=LPOD&mid=sec&oid=469&aid=0000402468
162,"WTO만 쳐다볼 수도, 맞보복해 무역전쟁 벌일 수도 없는데…",https://news.naver.com/main/read.nhn?mode=LPOD&mid=sec&oid=469&aid=0000401803
163,"김정은, 트럼프에 “이런 데서 각하를 만나게 될 줄 생각도 못했다”",https://news.naver.com/main/read.nhn?mode=LPOD&mid=sec&oid=469&aid=0000401410
164,아베 “국가간 신뢰관계 조치 수정”이라면서… “WTO 규정 부합”  억지 주장,https://news.naver.com/main/read.nhn?mode=LPOD&mid=sec&oid=469&aid=0000402066
165,일본 치밀한 경제보복에 한국은 신중 모드… ‘창과 방패’ 온도차,https://news.naver.com/main/read.nhn?mode=LPOD&mid=sec&oid=469&aid=0000402090
166,"김정은, 판문점 회동으로 ‘하노이 노딜’로 구긴 체면 회복",https://news.naver.com/main/read.nhn?mode=LPOD&mid=sec&oid=469&aid=0000401398
167,"빵ㆍ주스로 대체하고, 단축 수업하고… 2000여개 학교 급식 멈췄다",https://news.naver.com/main/read.nhn?mode=LPOD&mid=sec&oid=469&aid=0000402418
168,‘탐험 예능’ 이번엔 대왕조개 사태… 아나콘다 사고 잊었나,https://news.naver.com/main/read.nhn?mode=LPOD&mid=sec&oid=469&aid=0000403737
169,일본 대기업들 한국서 이익 49% 늘리고도 투자는 10% 줄여,https://news.naver.com/main/read.nhn?mode=LPOD&mid=sec&oid=469&aid=0000403306
170,"200대 소재ㆍ부품 핵심기술, 일본 102개 vs 한국 0개",https://news.naver.com/main/read.nhn?mode=LPOD&mid=sec&oid=469&aid=0000402142
171,박용만 “경제위기 입에 담지 말라” 정부ㆍ정치권 작심 비판,https://news.naver.com/main/read.nhn?mode=LPOD&mid=sec&oid=469&aid=0000402376
172,"패스트트랙 딜레마에 빠진 與, 정개ㆍ사개특위 위원장 선택 미뤄",https://news.naver.com/main/read.nhn?mode=LPOD&mid=sec&oid=469&aid=0000402761
173,"트럼프, 북한 땅 밟다... 66년 적대를 넘다",https://news.naver.com/main/read.nhn?mode=LPOD&mid=sec&oid=469&aid=0000401400
174,"유사과학? 정신건강 도움?…실리콘밸리, 별자리운세 앱 갑론을박",https://news.naver.com/main/read.nhn?mode=LPOD&mid=sec&oid=469&aid=0000402469
175,코오롱 ‘인보사’ 성분변경 언제 알았나… 검찰수사 본격화,https://news.naver.com/main/read.nhn?mode=LPOD&mid=sec&oid=469&aid=0000402372
176,횡성 민족사관고 자사고 재지정,https://news.naver.com/main/read.nhn?mode=LPOD&mid=sec&oid=469&aid=0000401623
177,"이해찬 “국회 방북단 만들자”… 나경원 “문 대통령, 객으로 전락”",https://news.naver.com/main/read.nhn?mode=LPOD&mid=sec&oid=469&aid=0000401715
178,[단독] 공정거래위원장에 김오수 법무 차관 유력,https://news.naver.com/main/read.nhn?mode=LPOD&mid=sec&oid=469&aid=0000402467
179,"이해찬, 민주당 인재영입위원장 맡을 듯… 계파 갈등 ‘전운’",https://news.naver.com/main/read.nhn?mode=LPOD&mid=sec&oid=469&aid=0000402772
180,‘국민’은 안중에 없으면서 ‘국민’ 입에 달고 산 양대 정당,https://news.naver.com/main/read.nhn?mode=LPOD&mid=sec&oid=469&aid=0000403382
181,“6ㆍ30 판문점 회동은 최초의 트위터 정상회담”,https://news.naver.com/main/read.nhn?mode=LPOD&mid=sec&oid=469&aid=0000401483
182,"아이 아직 없는데... 엄마 성 따르기, 혼인신고 때 결정하라?",https://news.naver.com/main/read.nhn?mode=LPOD&mid=sec&oid=469&aid=0000403064
183,문재인케어 2년 3600만명 혜택… 건보재정 뒷짐진 채 ‘셀프칭찬’,https://news.naver.com/main/read.nhn?mode=LPOD&mid=sec&oid=469&aid=0000402024
184,‘양정철 효과’ 여야 싱크탱크 손 잡다,https://news.naver.com/main/read.nhn?mode=LPOD&mid=sec&oid=469&aid=0000402046
185,"[단독] “급한 불부터” 민주당, 정개특위 위원장 맡기로 가닥",https://news.naver.com/main/read.nhn?mode=LPOD&mid=sec&oid=469&aid=0000402134
186,“공무직 업무 비슷한데 임금 차별”vs“시험 없이 공무원 대우는 역차별”,https://news.naver.com/main/read.nhn?mode=LPOD&mid=sec&oid=469&aid=0000402822
187,’인보사 사태’ 코오롱티슈진 상장폐지 되나,https://news.naver.com/main/read.nhn?mode=LPOD&mid=sec&oid=469&aid=0000403027
188,"당정청, 일본 보복 맞서 “반도체 소재 개발에 매년 1조 투자”",https://news.naver.com/main/read.nhn?mode=LPOD&mid=sec&oid=469&aid=0000402215
189,최임위 돌아온 경영계 “최저임금 8000원으로 깎자” 강수,https://news.naver.com/main/read.nhn?mode=LPOD&mid=sec&oid=469&aid=0000402419
190,“일본 제품 사지마” 뿔난 소비자들 확산,https://news.naver.com/main/read.nhn?mode=LPOD&mid=sec&oid=469&aid=0000402835
191,문 대통령 ‘北 목선 귀순 부실 브리핑’ 김유근 안보1차장 엄중 경고,https://news.naver.com/main/read.nhn?mode=LPOD&mid=sec&oid=469&aid=0000402412
192,실리콘밸리 Me세대 “외로움도 고민도 챗봇과 대화로 해결”,https://news.naver.com/main/read.nhn?mode=LPOD&mid=sec&oid=469&aid=0000402466
193,[단독]범죄피해자 지원기금 74%가 운영비로 샌다,https://news.naver.com/main/read.nhn?mode=LPOD&mid=sec&oid=469&aid=0000403406
194,‘의원님’ 된 보좌관 36명… 금배지 제값 하더라,https://news.naver.com/main/read.nhn?mode=LPOD&mid=sec&oid=469&aid=0000402165
195,박근혜 구입 논란 ‘제2 프로포폴’ 강남 유흥가 대거 불법유통 적발,https://news.naver.com/main/read.nhn?mode=LPOD&mid=sec&oid=469&aid=0000402933
196,"미국, 북 비핵화 목표 낮추기? … 트럼프 정부 ‘빅딜 vs 스몰딜’ 분열",https://news.naver.com/main/read.nhn?mode=LPOD&mid=sec&oid=469&aid=0000402074
197,"한미 정상, 최전방 경계 초소 오울렛에 첫 공동 방문",https://news.naver.com/main/read.nhn?mode=LPOD&mid=sec&oid=469&aid=0000401377
198,"15년된 차, 신차 교체 땐 개소세 70% 감면… 면세점 구매한도 5600달러로 상향",https://news.naver.com/main/read.nhn?mode=LPOD&mid=sec&oid=469&aid=0000402471
199,‘예비신부 참변’ 잠원동 건물 붕괴는 인재… 철거하며 가림막만 달랑,https://news.naver.com/main/read.nhn?mode=LPOD&mid=sec&oid=469&aid=0000403025
200,나가미네 일본대사 “한일 신뢰관계 무너졌다”,https://news.naver.com/main/read.nhn?mode=LPOD&mid=sec&oid=469&aid=0000403652
201,남녀고용률 격차 20%포인트 이하로 줄어,https://news.naver.com/main/read.nhn?mode=LPOD&mid=sec&oid=469&aid=0000401565
202,미국 “포괄적” VS 북한 “단계적”… 타결 방식 접점 찾기가 ‘첫 번째 열쇠’,https://news.naver.com/main/read.nhn?mode=LPOD&mid=sec&oid=469&aid=0000401798
203,"강제징용 피해자들 “일본, 적반하장도 유분수”",https://news.naver.com/main/read.nhn?mode=LPOD&mid=sec&oid=469&aid=0000402033
